product_id,product_code,product_name,issuer,risk_level,product_type,currency,investment_period,min_investment,start_date,end_date,product_category,income_type,nav_date,initial_nav,accumulated_nav,current_nav
144271,C1010207000003,基金股票双重精选人民币理财产品2007年第1期,中国工商银行股份有限公司,一级(低),N/A,人民币(CNY),7天-1个月(含),100000,2007/12/20,9999/12/31,03,03,2025-05-16,1.0,1.0,1.0
144270,C1010207000004,基金股票双重精选人民币理财产品2007年第2期,中国工商银行股份有限公司,一级(低),N/A,人民币(CNY),7天-1个月(含),100000,2008/01/18,9999/12/31,03,03,2025-05-16,1.0,0.9827,0.9827
787951,C1050415000080,代客境外理财产品(海外基金系列)- 贝莱德环球企业债券基金（美元-人民币）,恒生银行（中国）有限公司,二级(中低),固定收益类,人民币(CNY),每日,100000,2015/03/23,2999/12/31,03,03,2025-05-16,11.35,9.74,9.74
787952,C1050415000081,代客境外理财产品(海外基金系列)- 贝莱德环球企业债券基金（美元）,恒生银行（中国）有限公司,二级(中低),固定收益类,美元(USD),每日,20000,2015/03/23,2999/12/31,03,03,2025-05-16,11.35,9.74,9.74
1897810,C1080919000244,红玫瑰添元理财产品第1期,盛京银行股份有限公司,二级(中低),N/A,人民币(CNY),每日,50000,2019/04/25,2099/12/31,03,03,2025-05-16,1.0,1.21487,1.21487
1000052045,C1091325000045,金雪莲系列封闭式净值型理财产品2025年第28期代发工资客户专享,乌鲁木齐银行股份有限公司,二级(中低),固定收益类,人民币(CNY),3-6个月(含),10000,2025/05/22,2025/11/21,01,03,,,,
1798373,C1091918000365,云南红塔银行“红塔财富”筑梦系列天天复盈开放式净值型人民币理财产品,云南红塔银行股份有限公司,一级(低),N/A,人民币(CNY),每日,10000,2018/12/12,2099/12/31,03,03,2025-05-16,1.0,1.0,1.0
1733623,C1092918000191,天添向上2号,浙江泰隆商业银行股份有限公司,二级(中低),N/A,人民币(CNY),每日,50000,2018/08/30,2050/12/30,03,03,2025-05-16,1.0,1.20095,1.07278
1733832,C1092918000192,人生盈家35天型,浙江泰隆商业银行股份有限公司,二级(中低),N/A,人民币(CNY),每日,50000,2018/08/30,2099/12/31,03,03,2025-05-16,1.0,1.23003,1.23003
1000049359,C1122125000064,上海农商银行鑫安利封闭式25051期（乡村振兴特别款）人民币理财产品,上海农村商业银行股份有限公司,一级(低),固定收益类,人民币(CNY),3-6个月(含),10000,2025/05/21,2025/09/17,01,03,,,,
1000051020,C1131225000006,金米嘉富最短持有30天,广州农村商业银行股份有限公司,二级(中低),固定收益类,人民币(CNY),每日,10000,2025/05/22,2099/12/31,03,03,,,,
1055151,C1136016000054,2016年“融智理财·天天添利净值型”人民币理财产品,湖南银行股份有限公司,二级(中低),N/A,人民币(CNY),每日,10000,2016/06/01,2099/12/31,03,03,2025-05-16,1.0,1.0,1.0
1337256,C3042717000006,厦门农商银行-丰沃2号债券投资理财计划,厦门农村商业银行股份有限公司,二级(中低),N/A,人民币(CNY),6-12个月(含),50000,2017/07/20,2099/12/31,03,03,2025-05-16,100.0,1.0377,1.0377
1000042054,Z7000725000216,建信理财嘉鑫（稳利）固收类封闭式产品2025年第167期,建信理财有限责任公司,一级(低),固定收益类,人民币(CNY),3-6个月(含),1,2025/05/20,2025/11/13,01,03,,,,
1000042061,Z7000725000223,建信理财嘉鑫（稳利）固收类封闭式产品2025年第166期,建信理财有限责任公司,一级(低),固定收益类,人民币(CNY),3-6个月(含),1,2025/05/20,2025/08/20,01,03,,,,
1000042062,Z7000725000224,建信理财嘉鑫（稳利）固收类封闭式产品2025年第170期,建信理财有限责任公司,一级(低),固定收益类,人民币(CNY),6-12个月(含),1,2025/05/20,2026/01/08,01,03,,,,
1000048637,Z7000725000340,建信理财海嘉固收类封闭式美元产品2025年第48期,建信理财有限责任公司,一级(低),固定收益类,美元(USD),3-6个月(含),1,2025/05/22,2025/11/19,01,03,,,,
1000042294,Z7000825000517,工银理财·稳益同业存单及存款固定收益类(QDII)封闭式理财产品(25GS8701),工银理财有限责任公司,一级(低),固定收益类,人民币(CNY),6-12个月(含),1,2025/05/20,2026/05/12,01,03,,,,
1000051202,Z7000825000729,工银理财·稳益固定收益类封闭式理财产品（25GS2794）,工银理财有限责任公司,一级(低),固定收益类,人民币(CNY),3-6个月(含),1,2025/05/22,2025/09/24,01,03,,,,
1000040172,Z7000925000306,交银理财稳享智选日开14号（90天持有期）理财产品,交银理财有限责任公司,二级(中低),固定收益类,人民币(CNY),每日,1,2025/05/20,2099/12/30,03,03,,,,
1000048666,Z7000925000567,交银理财稳享慧选日开6号（90天持有期）理财产品,交银理财有限责任公司,二级(中低),固定收益类,人民币(CNY),每日,1,2025/05/20,2099/12/30,03,03,,,,
1000049723,Z7000925000593,交银理财稳享美元1年封闭式2511理财产品,交银理财有限责任公司,一级(低),固定收益类,美元(USD),6-12个月(含),1,2025/05/21,2026/05/18,01,03,,,,
1000049730,Z7000925000600,交银理财稳享美元6个月封闭式2523理财产品,交银理财有限责任公司,一级(低),固定收益类,美元(USD),3-6个月(含),1,2025/05/21,2025/11/18,01,03,,,,
1000039711,Z7001025000274,中银理财全球配置高评级美元封闭2545,中银理财有限责任公司,一级(低),固定收益类,美元(USD),3-6个月(含),1,2025/05/20,2025/10/21,01,03,,,,
1000048064,Z7001025000572,中银理财全球配置高评级美元封闭2548,中银理财有限责任公司,一级(低),固定收益类,美元(USD),3-6个月(含),1,2025/05/20,2025/08/21,01,03,,,,
1000047454,Z7001125000267,农银理财农银安心·灵珑同业存单及存款增强第282期理财产品,农银理财有限责任公司,一级(低),固定收益类,人民币(CNY),6-12个月(含),1,2025/05/23,2025/08/27,01,03,,,,
1000049766,Z7001125000332,农银理财农银安心·灵珑同业存单及存款增强第285期理财产品,农银理财有限责任公司,一级(低),固定收益类,人民币(CNY),6-12个月(含),1,2025/05/20,2025/12/02,01,03,,,,
1000050034,Z7001125000346,农银理财农银匠心·灵动30天同业存单及存款增强理财产品（致敬军人）,农银理财有限责任公司,二级(中低),固定收益类,人民币(CNY),每日,1,2025/05/19,2035/05/18,03,03,,,,
1000051484,Z7001125000398,农银理财农银进取·灵动360天双债增强理财产品,农银理财有限责任公司,二级(中低),固定收益类,人民币(CNY),每日,1,2025/05/26,2035/05/28,03,03,,,,
1000051485,Z7001125000399,农银理财农银安心·天天利理财产品（货币优选）,农银理财有限责任公司,二级(中低),固定收益类,人民币(CNY),每日,1,2025/05/26,2035/05/28,03,03,,,,
1000051492,Z7001125000405,农银理财农银匠心·灵动360天理财产品（红利成长双享）,农银理财有限责任公司,二级(中低),固定收益类,人民币(CNY),每日,1,2025/05/26,2035/05/28,03,03,,,,
1000051493,Z7001125000406,农银理财农银进取·天天利同业存单及存款增强理财产品（低波悦享）,农银理财有限责任公司,二级(中低),固定收益类,人民币(CNY),每日,1,2025/05/26,2035/05/28,03,03,,,,
1000024632,Z7001424001025,阳光金添利天天购-存单存款利率债策略2号（30天最低持有）,光大理财有限责任公司,二级(中低),固定收益类,人民币(CNY),每日,1,2025/05/20,2099/12/31,03,03,,,,
1000024634,Z7001424001027,阳光金添利天天购-存单存款利率债策略3号（60天最低持有）,光大理财有限责任公司,二级(中低),固定收益类,人民币(CNY),每日,1,2025/05/20,2099/12/31,03,03,,,,
1000024635,Z7001424001028,阳光金添利天天购-存单存款利率债策略2号（14天最低持有）,光大理财有限责任公司,二级(中低),固定收益类,人民币(CNY),每日,1,2025/05/20,2099/12/31,03,03,,,,
1000027840,Z7001424001232,阳光金安心计划-存单存款策略88期（封闭式）,光大理财有限责任公司,一级(低),固定收益类,人民币(CNY),3-6个月(含),1,2025/05/22,2025/11/19,01,03,,,,
1000047715,Z7001425000718,阳光金增利乐享日开4号（180天最低持有）,光大理财有限责任公司,二级(中低),固定收益类,人民币(CNY),每日,1,2025/05/22,2099/12/31,03,03,,,,
1000041727,Z7001625000278,招银理财招睿和鼎美元封闭176号固收类理财计划,招银理财有限责任公司,一级(低),固定收益类,美元(USD),6-12个月(含),1,2025/05/21,2025/11/18,01,03,,,,
1000042962,Z7001625000331,招银理财招睿安泰定开11号固定收益类理财计划,招银理财有限责任公司,二级(中低),固定收益类,人民币(CNY),6-12个月(含),1,2025/05/20,2099/12/31,03,03,,,,
1000046490,Z7001625000398,招银理财招睿增鑫180天持有期6号增强型固收类理财计划,招银理财有限责任公司,二级(中低),固定收益类,人民币(CNY),每日,0.01,2025/05/22,2055/05/22,03,03,,,,
1000046658,Z7001625000402,招银理财招睿和鼎美元封闭120号固收类理财计划,招银理财有限责任公司,一级(低),固定收益类,美元(USD),6-12个月(含),1,2025/05/21,2025/11/18,01,03,,,,
1000047263,Z7001625000421,招银理财招睿安裕定开43号固定收益类理财计划,招银理财有限责任公司,二级(中低),固定收益类,人民币(CNY),1-3年(含),1,2025/05/23,2099/12/31,03,03,,,,
1000050802,Z7001625000496,招银理财招睿金鼎90天持有期1号固定收益类理财计划,招银理财有限责任公司,二级(中低),固定收益类,人民币(CNY),每日,0.01,2025/05/21,2055/05/21,03,03,,,,
1000050874,Z7001625000499,招银理财招睿增利精选定开3号固定收益类理财计划,招银理财有限责任公司,二级(中低),固定收益类,人民币(CNY),6-12个月(含),1,2025/05/20,2099/12/31,03,03,,,,
1000050914,Z7001625000502,招银理财招睿增利精选定开（ESG科技款）1号固定收益类理财计划,招银理财有限责任公司,二级(中低),固定收益类,人民币(CNY),6-12个月(含),1,2025/05/27,2099/12/31,03,03,,,,
1000035462,Z7001925000135,中邮理财恒利·鸿运封闭式2025年第60期人民币理财产品,中邮理财有限责任公司,一级(低),固定收益类,人民币(CNY),3-6个月(含),1,2025/05/21,2025/08/27,01,03,,,,
1000035594,Z7001925000157,中邮理财恒利·鸿运封闭式2025年第79期人民币理财产品,中邮理财有限责任公司,一级(低),固定收益类,人民币(CNY),6-12个月(含),1,2025/05/20,2026/04/14,01,03,,,,
1000042740,Z7001925000356,中邮理财恒利·鸿运封闭式2025年第120期人民币理财产品,中邮理财有限责任公司,一级(低),固定收益类,人民币(CNY),1-3年(含),1,2025/05/20,2026/05/27,01,03,,,,
1000047976,Z7001925000521,中邮理财全球汇利QDII·鸿运最短持有30天2号美元理财产品,中邮理财有限责任公司,一级(低),固定收益类,美元(USD),每日,1,2025/05/22,2099/12/31,03,03,,,,
1000028813,Z7002024003180,兴银理财稳利安盈封闭式2025年25期固收类理财产品,兴银理财有限责任公司,一级(低),固定收益类,人民币(CNY),3-6个月(含),1,2025/05/27,2025/09/25,01,03,,,,
1000040963,Z7002025000400,兴银理财稳利安盈封闭式2025年460期固收类理财产品,兴银理财有限责任公司,一级(低),固定收益类,人民币(CNY),3-6个月(含),1,2025/05/27,2025/09/28,01,03,,,,
1000044430,Z7002025000512,兴银理财稳利安盈封闭式2025年412期固收类理财产品,兴银理财有限责任公司,一级(低),固定收益类,人民币(CNY),1-3年(含),1,2025/05/21,2026/07/28,01,03,,,,
1000044433,Z7002025000515,兴银理财稳利安盈封闭式2025年463期固收类理财产品,兴银理财有限责任公司,一级(低),固定收益类,人民币(CNY),3-6个月(含),1,2025/05/20,2025/08/27,01,03,,,,
1000048501,Z7002025000717,兴银理财稳利安心盈封闭式2025年224期固收类理财产品,兴银理财有限责任公司,一级(低),固定收益类,人民币(CNY),6-12个月(含),1,2025/05/27,2026/01/06,01,03,,,,
1000048796,Z7002025000733,兴银理财汇利稳健一年封闭式167期固收类理财产品,兴银理财有限责任公司,一级(低),固定收益类,美元(USD),1-3年(含),1,2025/05/22,2026/05/21,01,03,,,,
1000048806,Z7002025000741,兴银理财汇利稳健六个月封闭式142期固收类理财产品,兴银理财有限责任公司,一级(低),固定收益类,美元(USD),6-12个月(含),1,2025/05/22,2025/11/20,01,03,,,,
1000048002,Z7002125000293,宁银理财晶耀固定收益类封闭式美元理财157号,宁银理财有限责任公司,一级(低),固定收益类,美元(USD),6-12个月(含),1,2025/05/22,2026/05/21,01,03,,,,
1000047720,Z7002225000147,幸福99益合·添益（年年红）1年定开型2518期理财,杭银理财有限责任公司,二级(中低),固定收益类,人民币(CNY),1-3年(含),1,2025/05/23,2099/12/31,03,03,,,,
1000037349,Z7002425000057,徽银理财“安盈”稳进1年持有期2号理财产品,徽银理财有限责任公司,二级(中低),固定收益类,人民币(CNY),每日,1,2025/05/21,2099/12/31,03,03,,,,
2306296,Z7002624000188,信银理财安盈象固收稳益三个月封闭式81号理财产品,信银理财有限责任公司,一级(低),固定收益类,人民币(CNY),3-6个月(含),1,2025/05/20,2025/09/01,01,03,,,,
1000047196,Z7002625000633,信银理财安盈象固收稳益封闭式100号理财产品,信银理财有限责任公司,一级(低),固定收益类,人民币(CNY),3-6个月(含),1,2025/05/20,2025/10/29,01,03,,,,
1000050039,Z7002625000727,信银理财慧盈象固收增利六个月持有期52号理财产品,信银理财有限责任公司,二级(中低),固定收益类,人民币(CNY),每日,1,2025/05/20,2099/12/29,03,03,,,,
1000035707,Z7003225000119,南银理财添瑞日日聚宝13号现金管理类公募人民币理财产品,南银理财有限责任公司,一级(低),固定收益类,人民币(CNY),每日,0.01,2025/05/21,2035/12/28,03,03,,,,
1000051346,Z7003225000120,南银理财添瑞日日聚宝14号现金管理类公募人民币理财产品,南银理财有限责任公司,一级(低),固定收益类,人民币(CNY),每日,0.01,2025/05/21,2035/12/28,03,03,,,,
1000041665,Z7003225000125,南银理财鼎瑞行稳一年定开2025第16期公募人民币理财产品,南银理财有限责任公司,二级(中低),固定收益类,人民币(CNY),1-3年(含),1,2025/05/22,2035/12/28,03,03,,,,
1000045652,Z7003325000300,平安理财启元增强一年定开32号固收类理财产品,平安理财有限责任公司,二级(中低),固定收益类,人民币(CNY),1-3年(含),1,2025/05/23,9999/12/31,03,03,,,,
1000046908,Z7003325000360,平安理财启元策略日开十四个月持有1号固收类理财产品,平安理财有限责任公司,二级(中低),固定收益类,人民币(CNY),每日,1,2025/05/22,9999/12/31,03,03,,,,
1000042039,Z7003525000175,青银理财璀璨人生奋斗系列开放式净值型人民币理财计划（货币型I）,青银理财有限责任公司,一级(低),固定收益类,人民币(CNY),每日,1,2025/06/05,2035/06/19,03,03,,,,
1000042043,Z7003525000179,青银理财璀璨人生奋斗系列开放式净值型人民币理财计划F款,青银理财有限责任公司,二级(中低),固定收益类,人民币(CNY),每日,1,2025/05/20,2035/05/22,03,03,,,,
1000042044,Z7003525000180,青银理财璀璨人生奋斗系列开放式净值型人民币理财计划（货币型H）,青银理财有限责任公司,一级(低),固定收益类,人民币(CNY),每日,1,2025/05/22,2035/06/05,03,03,,,,
1000042046,Z7003525000182,青银理财璀璨人生奋斗系列开放式净值型人民币理财计划H款,青银理财有限责任公司,二级(中低),固定收益类,人民币(CNY),每日,1,2025/05/20,2035/05/22,03,03,,,,
1000042048,Z7003525000184,青银理财璀璨人生奋斗系列开放式净值型人民币理财计划G款,青银理财有限责任公司,二级(中低),固定收益类,人民币(CNY),每日,1,2025/05/20,2035/05/22,03,03,,,,
1000050841,Z7003725000203,汇华理财-财富灯塔稳享封闭式固定收益类理财产品2594期,汇华理财有限公司,一级(低),固定收益类,美元(USD),3-6个月(含),1,2025/05/22,2025/11/19,01,03,,,,
1000050848,Z7003725000210,汇华理财-财富灯塔稳享封闭式固定收益类理财产品2596期,汇华理财有限公司,一级(低),固定收益类,美元(USD),6-12个月(含),1,2025/05/22,2026/02/11,01,03,,,,
1000029976,Z7003924000713,华夏理财悦安封闭式理财产品176号,华夏理财有限责任公司,一级(低),固定收益类,人民币(CNY),3-6个月(含),1,2025/05/21,2025/10/14,01,03,,,,
1000049529,Z7003925000526,华夏理财固定收益纯债最短持有90天理财产品O款,华夏理财有限责任公司,二级(中低),固定收益类,人民币(CNY),每日,0.01,2025/05/19,9999/12/31,03,03,,,,
1000044173,Z7005125000033,贝莱德建信理财贝远稳航美元固定收益类理财产品第4期（封闭式）,贝莱德建信理财有限责任公司,一级(低),固定收益类,美元(USD),6-12个月(含),1,2025/05/22,2026/04/28,01,03,,,,
1000047908,Z7005125000039,贝莱德建信理财贝远美元固定收益类理财产品2025年第25期（封闭式）,贝莱德建信理财有限责任公司,一级(低),固定收益类,美元(USD),6-12个月(含),1,2025/05/23,2025/11/20,01,03,,,,
1000026658,Z7006624000134,广银理财幸福添利2个月持有期固定收益类理财产品第2号,广银理财有限责任公司,二级(中低),固定收益类,人民币(CNY),每日,1,2025/05/20,2099/12/31,03,03,,,,
1000047481,Z7006625000082,广银理财幸福宝泰3个月持有期固定收益类理财产品第1号,广银理财有限责任公司,二级(中低),固定收益类,人民币(CNY),每日,1,2025/05/26,2099/12/31,03,03,,,,
1000036399,Z7007025000014,施罗德交银理财得润安盈美元（QDII）1年封闭式2505理财产品,施罗德交银理财有限公司,一级(低),固定收益类,美元(USD),6-12个月(含),1,2025/05/22,2026/05/20,01,03,,,,
1000040027,Z7007025000033,施罗德交银理财得润安盈美元6个月封闭式2519理财产品,施罗德交银理财有限公司,一级(低),固定收益类,美元(USD),3-6个月(含),1,2025/05/20,2025/11/19,01,03,,,,
1000030916,Z7007125000017,上银理财“稳添利”系列开放式理财产品WPAK25M1310期,上银理财有限责任公司,二级(中低),固定收益类,人民币(CNY),1-3年(含),0.01,2025/05/21,2055/05/19,03,03,,,,
1000024927,Z7007924001214,民生理财贵竹固收增利双月发60天持有期1号理财产品,民生理财有限责任公司,二级(中低),固定收益类,人民币(CNY),每日,0.01,2025/05/20,2099/12/31,03,03,,,,
1000027279,Z7007924001314,民生理财富竹纯债182天持有期24号理财产品,民生理财有限责任公司,二级(中低),固定收益类,人民币(CNY),每日,0.01,2025/05/21,2099/12/31,03,03,,,,
1000046684,Z7007925000408,民生理财贵竹固收增利369天持有期7号理财产品,民生理财有限责任公司,二级(中低),固定收益类,人民币(CNY),每日,0.01,2025/05/22,2099/12/31,03,03,,,,
1000048860,Z7007925000467,民生理财富竹纯债369天持有期7号理财产品,民生理财有限责任公司,二级(中低),固定收益类,人民币(CNY),每日,0.01,2025/05/21,2099/12/31,03,03,,,,
1000048862,Z7007925000469,民生理财贵竹固收增利半年发180天持有期6号理财产品,民生理财有限责任公司,二级(中低),固定收益类,人民币(CNY),每日,0.01,2025/05/20,2099/12/31,03,03,,,,
1000047304,Z7008225000052,高盛工银理财·盛景封闭式固定收益类美元理财产品165期,高盛工银理财有限责任公司,一级(低),固定收益类,美元(USD),3-6个月(含),1,2025/05/23,2025/11/19,01,03,,,,
1000047315,Z7008225000063,高盛工银理财·盛景封闭式固定收益类美元理财产品170期,高盛工银理财有限责任公司,一级(低),固定收益类,美元(USD),6-12个月(含),1,2025/05/23,2026/05/20,01,03,,,,
1000039655,Z7008425000117,渤银理财理财有术系列持盈180天最短持有期固收理财产品2号,渤银理财有限责任公司,二级(中低),固定收益类,人民币(CNY),每日,1,2025/05/20,9999/12/31,03,03,,,,
1000045901,Z7008425000183,渤银理财理财有术系列持盈增利180天最短持有期固收理财产品2号,渤银理财有限责任公司,二级(中低),固定收益类,人民币(CNY),每日,1,2025/05/20,9999/12/31,03,03,,,,
1000045902,Z7008425000184,渤银理财理财有术系列持盈增利270天最短持有期固收理财产品1号,渤银理财有限责任公司,二级(中低),固定收益类,人民币(CNY),每日,1,2025/05/20,9999/12/31,03,03,,,,
1000049276,Z7008425000213,渤银理财理财有术系列持盈增利720天最短持有期固收理财产品1号,渤银理财有限责任公司,二级(中低),固定收益类,人民币(CNY),每日,1,2025/05/20,9999/12/31,03,03,,,,
1000040426,Z7008925000067,北银理财京华远见春系列高远188天持有期1号理财产品,北银理财有限责任公司,二级(中低),固定收益类,人民币(CNY),每日,1,2025/05/23,2099/12/31,03,03,,,,
1000041482,Z7008925000078,北银理财京华远见春系列美元固收封闭式78号理财管理计划,北银理财有限责任公司,一级(低),固定收益类,美元(USD),6-12个月(含),1,2025/05/22,2026/05/20,01,03,,,,
1000049614,Z7008925000256,北银理财京华远见春系列美元天天金1号理财产品,北银理财有限责任公司,一级(低),固定收益类,美元(USD),每日,1,2025/05/21,2099/12/31,03,03,,,,
1000050654,Z7009825000032,法巴农银理财珐琅青固定收益类30天最短持有期1号（私行尊享）,法巴农银理财有限责任公司,二级(中低),固定收益类,人民币(CNY),每日,1,2025/05/27,2099/12/31,03,03,,,,
1000050655,Z7009825000033,法巴农银理财珐琅蓝固定收益类720天最短持有期1号,法巴农银理财有限责任公司,二级(中低),固定收益类,人民币(CNY),每日,1,2025/05/27,2099/12/31,03,03,,,,
1000050660,Z7009825000034,法巴农银理财珐琅金固收增强120天最短持有期1号,法巴农银理财有限责任公司,二级(中低),固定收益类,人民币(CNY),每日,1,2025/05/27,2099/12/31,03,03,,,,
